{
  "$schema": "https://json.schemastore.org/nest-cli",
  "collection": "@nestjs/schematics",
  "sourceRoot": "src",
  "compilerOptions": {
    "deleteOutDir": true,
    "webpack": true
  },
  "projects": {
    "auth-power": {
      "type": "library",
      "root": "libs/auth-power",
      "entryFile": "index",
      "sourceRoot": "libs/auth-power/src",
      "compilerOptions": {
        "tsConfigPath": "libs/auth-power/tsconfig.lib.json"
      }
    },
    "error": {
      "type": "library",
      "root": "libs/error",
      "entryFile": "index",
      "sourceRoot": "libs/error/src",
      "compilerOptions": {
        "tsConfigPath": "libs/error/tsconfig.lib.json"
      }
    },
    "file": {
      "type": "library",
      "root": "libs/file",
      "entryFile": "index",
      "sourceRoot": "libs/file/src",
      "compilerOptions": {
        "tsConfigPath": "libs/file/tsconfig.lib.json"
      }
    },
    "hash": {
      "type": "library",
      "root": "libs/hash",
      "entryFile": "index",
      "sourceRoot": "libs/hash/src",
      "compilerOptions": {
        "tsConfigPath": "libs/hash/tsconfig.lib.json"
      }
    },
    "prisma": {
      "type": "library",
      "root": "libs/prisma",
      "entryFile": "index",
      "sourceRoot": "libs/prisma/src",
      "compilerOptions": {
        "tsConfigPath": "libs/prisma/tsconfig.lib.json"
      }
    },
    "redis-cache": {
      "type": "library",
      "root": "libs/redis-cache",
      "entryFile": "index",
      "sourceRoot": "libs/redis-cache/src",
      "compilerOptions": {
        "tsConfigPath": "libs/redis-cache/tsconfig.lib.json"
      }
    },
    "request": {
      "type": "library",
      "root": "libs/request",
      "entryFile": "index",
      "sourceRoot": "libs/request/src",
      "compilerOptions": {
        "tsConfigPath": "libs/request/tsconfig.lib.json"
      }
    },
    "utils": {
      "type": "library",
      "root": "libs/utils",
      "entryFile": "index",
      "sourceRoot": "libs/utils/src",
      "compilerOptions": {
        "tsConfigPath": "libs/utils/tsconfig.lib.json"
      }
    },
    "wechat": {
      "type": "library",
      "root": "libs/wechat",
      "entryFile": "index",
      "sourceRoot": "libs/wechat/src",
      "compilerOptions": {
        "tsConfigPath": "libs/wechat/tsconfig.lib.json"
      }
    }
  }
}