{
  "$schema": "https://json.schemastore.org/tsconfig",
  "compilerOptions": {
    "module": "NodeNext",
    "declaration": true,
    "removeComments": true,
    "emitDecoratorMetadata": true,
    "experimentalDecorators": true,
    "allowSyntheticDefaultImports": true,
    "useDefineForClassFields": false,
    "target": "ES2021",
    "sourceMap": true,
    "outDir": "./dist",
    "baseUrl": "./",
    "incremental": true,
    "skipLibCheck": true,
    "strictNullChecks": true,
    "forceConsistentCasingInFileNames": true,
    "noImplicitAny": false,
    "strictBindCallApply": false,
    "noFallthroughCasesInSwitch": false
  }
}