{
  "$schema": "https://turbo.build/schema.json",
  "globalDependencies": [
    "pnpm-lock.yaml",
    "**/.env.*local",
    "**/tsconfig*.json",
    ".env",
    "**/tsconfig*.json"
  ],
  "globalEnv": [
    "NODE_ENV",
    ".env"
  ],
  "tasks": {
    "dev": {
      "env": [
        "DATABASE_URL"
      ],
      "dependsOn": [
        "^generate",
        "^build"
      ],
      "outputs": [],
      "cache": false,
      "persistent": true
    },
    "start": {
      "env": [
        "DATABASE_URL"
      ],
      "dependsOn": [
        "^generate",
        "^build"
      ],
      "outputs": [],
      "cache": false,
      "persistent": true
    },
    "build": {
      "dependsOn": [],
      "outputs": [
        "dist/**",
        "dist.zip",
        ".next/**"
      ]
    },
    "push": {
      "env": [
        "DATABASE_URL"
      ],
      "cache": false
    },
    "generate": {
      "cache": false
    }
  }
}